PROGRAMA   ;CATEGORIA
ENFERMERIA;CIENCIAS_SALUD
DERECHO;CIENCIAS_SOCIALES
MERCADEO Y PUBLICIDAD;ADMON_CONTADURIA
ADMINISTRACION DE EMPRESAS;ADMON_CONTADURIA
PSICOLOGIA;CIENCIAS_SALUD
MEDICINA VETERINARIA;AGRO_VETERINARIA
INGENIERIA MECANICA;INGENIERIA
ADMINISTRACIÓN EN SALUD OCUPACIONAL;CIENCIAS_SALUD
INGENIERIA INDUSTRIAL;INGENIERIA
ADMINISTRACIÓN FINANCIERA;ADMON_CONTADURIA
HOTELERIA Y TURISMO;ADMON_CONTADURIA
LICENCIATURA EN CIENCIAS SOCIALES;EDUCACION
LICENCIATURA EN PEDAGOGIA INFANTIL;EDUCACION
COMUNICACION SOCIAL;HUMANIDADES
CIENCIA POLITICA;CIENCIAS_SOCIALES
PROFESIONAL EN GESTIÓN DE LA SEGURIDAD Y LA SALUD LABORAL;CIENCIAS_SALUD
MAESTRO EN MÚSICA;BELLAS ARTES
INGENIERIA MECATRONICA;INGENIERIA
TRABAJO SOCIAL;HUMANIDADES
LICENCIATURA EN BIOLOGIA Y EDUCACION AMBIENTAL;EDUCACION
INGENIERIA CIVIL;INGENIERIA
CONTADURIA PÚBLICA;ADMON_CONTADURIA
ADMINISTRACION EN SALUD;CIENCIAS_SALUD
ADMINISTRACIÓN DE EMPRESAS;ADMON_CONTADURIA
ESTADISTICA;CIENCIAS_NATURALES
LICENCIATURA EN BIOLOGIA;EDUCACION
INGENIERIA AGROINDUSTRIAL;INGENIERIA
ZOOTECNIA;AGRO_VETERINARIA
COMUNICACION AUDIOVISUAL;HUMANIDADES
LICENCIATURA EN EDUCACION BASICA CON ENFASIS EN HUMANIDADES-INGLES;EDUCACION
COMUNICACION SOCIAL  - PERIODISMO;HUMANIDADES
SEGURIDAD Y SALUD EN EL TRABAJO;CIENCIAS_SALUD
MEDICINA;CIENCIAS_SALUD
ADMINISTRACION DE LA SEGURIDAD SOCIAL;ADMON_CONTADURIA
CONTADURIA PUBLICA;ADMON_CONTADURIA
ODONTOLOGIA;CIENCIAS_SALUD
DISEÑO INDUSTRIAL;INGENIERIA
ECONOMIA;CIENCIAS_SOCIALES
INGENIERIA DE PROCESOS INDUSTRIALES;INGENIERIA
CONTADURÍA PÚBLICA;ADMON_CONTADURIA
INGENIERIA DE SISTEMAS;INGENIERIA
ARQUITECTURA;INGENIERIA
LICENCIATURA EN FILOSOFÍA;EDUCACION
ADMINISTRACION FINANCIERA;ADMON_CONTADURIA
ADMINISTRACION AMBIENTAL;ADMON_CONTADURIA
INGENIERIA ELECTRONICA;INGENIERIA
INGENIERÍA INDUSTRIAL;INGENIERIA
PSICOLOGÍA;CIENCIAS_SALUD
INGENIERIA BIOMEDICA;INGENIERIA
ADMINISTRACION Y DIRECCION DE EMPRESAS;ADMON_CONTADURIA
INGENIERÍA ELECTRÓNICA;INGENIERIA
LICENCIATURA EN EDUCACION BASICA CON ENFASIS EN CIENCIAS NATURALES Y EDUCACION AMBIENTAL;EDUCACION
LICENCIATURA EN EDUCACIÓN FÍSICA, RECREACIÓN Y DEPORTE;EDUCACION
LICENCIATURA EN INGLÉS;EDUCACION
LICENCIATURA EN EDUCACION BÁSICA CON ÉNFASIS EN CIENCIAS NATURALES Y EDUCACIÓN AMBIENTAL;EDUCACION
INGENIERIA AMBIENTAL;INGENIERIA
NEGOCIOS INTERNACIONALES;ADMON_CONTADURIA
INGENIERIA  CIVIL;INGENIERIA
LICENCIATURA EN LENGUAS EXTRANJERAS;EDUCACION
MEDICINA VETERINARIA Y ZOOTECNIA;AGRO_VETERINARIA
DISEÑO GRAFICO;BELLAS ARTES
QUIMICA FARMACEUTICA;CIENCIAS_SALUD
LICENCIATURA EN BILINGÜISMO CON ÉNFASIS EN INGLÉS;EDUCACION
ADMINISTRACIÓN EN SEGURIDAD Y SALUD EN EL TRABAJO;CIENCIAS_SALUD
FINANZAS Y COMERCIO INTERNACIONAL;ADMON_CONTADURIA
LICENCIATURA EN EDUCACION PREESCOLAR;EDUCACION
LICENCIATURA EN PSICOLOGIA Y PEDAGOGIA;EDUCACION
LICENCIATURA EN EDUCACION BASICA CON ENFASIS EN HUMANIDADES E IDIOMAS;EDUCACION
INGENIERIA DE CONTROL;INGENIERIA
RELACIONES INTERNACIONALES;CIENCIAS_SOCIALES
INGENIERIA DE TELECOMUNICACIONES;INGENIERIA
INSTRUMENTACION QUIRURGICA;CIENCIAS_SALUD
PROFESIONAL EN FINANZAS Y NEGOCIOS INTERNACIONALES;ADMON_CONTADURIA
DISEÑO VISUAL;BELLAS ARTES
LICENCIATURA EN LENGUA CASTELLANA,INGLES Y FRANCES;EDUCACION
FISIOTERAPIA;CIENCIAS_SALUD
FARMACIA;CIENCIAS_SALUD
LICENCIATURA EN IDIOMAS EXTRANJEROS;EDUCACION
COMUNICACION Y LENGUAJES AUDIOVISUALES;HUMANIDADES
INGENIERIA DE DISEÑO DE PRODUCTO;INGENIERIA
ARTE DANZARIO;BELLAS ARTES
COMUNICACION SOCIAL-PERIODISMO;HUMANIDADES
FINANZAS Y NEGOCIOS INTERNACIONALES;ADMON_CONTADURIA
INGENIERIA QUIMICA;INGENIERIA
ADMINISTRACION DEL MEDIO AMBIENTE;ADMON_CONTADURIA
OPTOMETRIA;CIENCIAS_SALUD
COMUNICACION SOCIAL- PERIODISMO;HUMANIDADES
LICENCIATURA EN PEDAGOGÍA INFANTIL;EDUCACION
INGENIERIA FINANCIERA;INGENIERIA
JURISPRUDENCIA;CIENCIAS_SOCIALES
INGENIERIA DE ALIMENTOS;INGENIERIA
LICENCIATURA EN MATEMATICAS;EDUCACION
SOCIOLOGIA;CIENCIAS_SOCIALES
INGENIERIA DE SISTEMAS Y COMPUTACION;INGENIERIA
PROFESIONAL EN DEPORTE;EDUCACION
ESTUDIOS LITERARIOS;HUMANIDADES
INGENIERIA AGRONOMICA;INGENIERIA
LICENCIATURA EN LENGUAS MODERNAS CON ENFASIS EN INGLES Y FRANCES;EDUCACION
ADMINISTRACION DE EMPRESAS TURISTICAS;ADMON_CONTADURIA
PROFESIONAL EN CINE Y TELEVISION;HUMANIDADES
NUTRICION Y DIETETICA;CIENCIAS_SALUD
COMUNICACIÓN SOCIAL;HUMANIDADES
TERAPIA RESPIRATORIA;CIENCIAS_SALUD
FILOSOFIA;HUMANIDADES
LICENCIATURA EN INGLES;EDUCACION
INGENIERÍA DE TELECOMUNICACIONES;INGENIERIA
INGENIERIA DE PRODUCCION;INGENIERIA
INGENIERIA EN TELECOMUNICACIONES;INGENIERIA
ADMINISTRACION DE NEGOCIOS INTERNACIONALES;ADMON_CONTADURIA
INGENIERÍA MULTIMEDIA;INGENIERIA
PROFESIONAL EN DISEÑO GRAFICO;BELLAS ARTES
ENFERMERÍA;CIENCIAS_SALUD
LICENCIATURA EN FILOSOFIA Y EDUCACION RELIGIOSA;EDUCACION
LICENCIATURA EN BIOLOGIA Y QUIMICA;EDUCACION
INGENIERIA ELECTRICA;INGENIERIA
INGENIERIA ELECTRONICA Y TELECOMUNICACIONES;INGENIERIA
LICENCIATURA EN TEOLOGIA;EDUCACION
INGENIERIA AGROPECUARIA;INGENIERIA
LICENCIATURA EN EDUCACION BASICA CON ENFASIS EN EDUCACION FISICA, RECREACION Y DEPORTES;EDUCACION
TERAPIA OCUPACIONAL;CIENCIAS_SALUD
NEGOCIOS INTERNACIONALES SEGUNDO CICLO;ADMON_CONTADURIA
ADMINISTRACION AMBIENTAL Y DE LOS RECURSOS NATURALES;ADMON_CONTADURIA
INGENIERIA ADMINISTRATIVA;INGENIERIA
ADMINISTRACION DE LA CALIDAD;ADMON_CONTADURIA
ADMINISTRACION MARITIMA Y FLUVIAL;ADMON_CONTADURIA
INGENIERIA AGROFORESTAL;INGENIERIA
NEGOCIOS Y RELACIONES INTERNACIONALES;ADMON_CONTADURIA
FILOLOGIA E IDIOMAS;HUMANIDADES
GERENCIA EN SISTEMAS DE INFORMACION EN SALUD;CIENCIAS_SALUD
ECONOMÍA;CIENCIAS_SOCIALES
LICENCIATURA EN ETNOEDUCACION;EDUCACION
LICENCIATURA EN LENGUA CASTELLANA E INGLES;EDUCACION
TRADUCCION INGLES-FRANCES-ESPAÑOL;HUMANIDADES
GESTIÓN EN ECOLOGÍA Y TURISMO;ADMON_CONTADURIA
INGENIERIA DE MATERIALES;INGENIERIA
LICENCIATURA EN EDUCACION ARTISTICA;EDUCACION
INTRUMENTACION QUIRURGICA;CIENCIAS_SALUD
PLANEACION Y DESARROLLO SOCIAL;CIENCIAS_SOCIALES
LICENCIATURA EN ARTES;EDUCACION
INGENIERIA EN MULTIMEDIA;INGENIERIA
PROFESIONAL EN CRIMINALISTICA;CIENCIAS_SOCIALES
LICENCIATURA EN EDUCACION PARA LA PRIMERA INFANCIA;EDUCACION
ENTRENAMIENTO DEPORTIVO;EDUCACION
LICENCIATURA EN EDUCACION BASICA CON ENFASIS EN MATEMATICAS;EDUCACION
LICENCIATURA EN CIENCIAS NATURALES Y EDUCACION AMBIENTAL;EDUCACION
INGENIERÍA AMBIENTAL;INGENIERIA
INGENIERIA DE PETROLEOS;INGENIERIA
CIENCIAS DEL DEPORTE Y DE LA EDUCACION FISICA;CIENCIAS_SALUD
BIOLOGIA;CIENCIAS_NATURALES
INGENIERIA MULTIMEDIA;INGENIERIA
LICENCIATURA EN EDUCACION FISICA, DEPORTES Y RECREACION;EDUCACION
INGENIERIA ELECTROMECANICA;INGENIERIA
LICENCIATURA EN CIENCIAS DEL DEPORTE;EDUCACION
COMUNICACION SOCIAL Y PERIODISMO;HUMANIDADES
MERCADEO Y NEGOCIOS INTERNACIONALES;ADMON_CONTADURIA
ADMINISTRACION PUBLICA TERRITORIAL;CIENCIAS_SOCIALES
ADMINISTRACIÓN INTEGRAL DE RIESGOS DE SEGURIDAD Y SALUD EN EL TRABAJO;CIENCIAS_SALUD
ADMINISTRACION & SERVICIO;ADMON_CONTADURIA
LICENCIATURA EN LENGUA CASTELLANA Y COMUNICACION;EDUCACION
CIENCIAS DE LA INFORMACION Y LA DOCUMENTACION;HUMANIDADES
LICENCIATURA EN EDUCACIÓN BÁSICA CON ÉNFASIS EN INGLÉS;EDUCACION
COMUNICACION SOCIAL - PERIODISMO;HUMANIDADES
CIENCIAS MILITARES;CIENCIAS_SOCIALES
LICENCIATURA EN EDUCACION FISICA Y DEPORTES;EDUCACION
INGENIERÍA DE SOFTWARE;INGENIERIA
CIENCIAS NAVALES PARA OFICIALES DE INFANTERIA DE MARINA;CIENCIAS_SOCIALES
INGENIERIA DE SONIDO;INGENIERIA
LICENCIATURA EN ETNOEDUCACION CON ENFASIS EN CIENCIAS SOCIALES;EDUCACION
LICENCIATURA EN EDUCACIÓN PARA LA PRIMERA INFANCIA;EDUCACION
INGENIERIA EN HIGIENE Y SEGURIDAD OCUPACIONAL;INGENIERIA
ADMINISTRACION DE LA SEGURIDAD Y SALUD OCUPACIONAL;CIENCIAS_SALUD
ECONOMIA Y FINANZAS INTERNACIONALES;ADMON_CONTADURIA
BACTERIOLOGIA;CIENCIAS_SALUD
CIENCIA POLÍTICA Y GOBIERNO;CIENCIAS_SOCIALES
COMUNICACION AUDIOVISUAL Y MULTIMEDIOS;HUMANIDADES
MERCADEO;ADMON_CONTADURIA
LICENCIATURA EN EDUCACION BASICA CON ENFASIS EN LENGUA CASTELLANA;EDUCACION
ECONOMIA Y NEGOCIOS INTERNACIONALES;ADMON_CONTADURIA
PROFESIONAL EN LENGUAS MODERNAS;HUMANIDADES
INGENIERIA SANITARIA Y AMBIENTAL;INGENIERIA
LICENCIATURA EN EDUCACION INFANTIL;EDUCACION
PERIODISMO;HUMANIDADES
PROFESIONAL EN CONTADURIA PUBLICA;ADMON_CONTADURIA
LICENCIATURA EN EDUCACIÓN BÁSICA PRIMARIA;EDUCACION
LINGUISTICA Y LITERATURA;HUMANIDADES
LICENCIATURA EN EDUCACIÓN INFANTIL;EDUCACION
LICENCIATURA EN EDUCACION BASICA CON ENFASIS EN MATEMATICA HUMANIDADES Y LENGUA CASTELLANA;EDUCACION
PROFESIONAL EN ADMINISTRACIÓN DE EMPRESAS;ADMON_CONTADURIA
ANTROPOLOGIA;HUMANIDADES
INGENIERÍA DE SISTEMAS;INGENIERIA
AGRONOMIA;AGRO_VETERINARIA
ADMINISTRACION DE NEGOCIOS;ADMON_CONTADURIA
BACTERIOLOGIA Y LABORATORIO CLINICO;CIENCIAS_SALUD
FONOAUDIOLOGIA;CIENCIAS_SALUD
LICENCIATURA EN  CIENCIAS NATURALES Y EDUCACION AMBIENTAL;EDUCACION
ADMINISTRACION Y GESTION AMBIENTAL;ADMON_CONTADURIA
LICENCIATURA EN ESPAÑOL Y LITERATURA;EDUCACION
PROFESIONAL EN AGRONEGOCIOS;AGRO_VETERINARIA
LINGUISTICA;HUMANIDADES
INGENIERIA DE PRODUCTIVIDAD Y CALIDAD;INGENIERIA
LICENCIATURA EN LENGUAS MODERNAS;EDUCACION
LICENCIATURA EN EDUCACION BASICA CON ENFASIS EN EDUCACION FISICA,RECREACION Y DEPORTES;EDUCACION
INGENIERIA AMBIENTAL Y SANITARIA;INGENIERIA
LICENCIATURA EN PEDAGOGIA  INFANTIL;EDUCACION
ADMINISTRACION PUBLICA;ADMON_CONTADURIA
RELACIONES ECONOMICAS INTERNACIONALES;CIENCIAS_SOCIALES
ADMINISTRACION DE EMPRESAS COMERCIALES;ADMON_CONTADURIA
LICENCIATURA EN EDUCACIÓN BÁSICA CON ÉNFASIS EN EDUCACIÓN ARTÍSTICA;EDUCACION
LENGUAS MODERNAS;HUMANIDADES
INGENIERIA EN TOPOGRAFIA;INGENIERIA
CIENCIAS BIBLICAS;HUMANIDADES
LICENCIATURA EN ESPAÑOL Y LENGUAS EXTRANJERAS;EDUCACION
INGENIER¿A EN SOFTWARE;INGENIERIA
DISEÑO Y PRODUCCION DE MODA;BELLAS ARTES
INGENIERIA DE MERCADOS;INGENIERIA
LICENCIATURA EN EDUCACION BASICA CON ENFASIS EN LENGUAS EXTRANJERAS;EDUCACION
ARTES PLASTICAS;BELLAS ARTES
ADMINISTRACION BANCARIA Y FINANCIERA;ADMON_CONTADURIA
LICENCIATURA EN EDUCACION BASICA CON ENFASIS EN HUMANIDADES: LENGUA CASTELLANA E INGLES;EDUCACION
ADMINISTRACION DE SISTEMAS INFORMATICOS;INGENIERIA
INGENIERIA PESQUERA;INGENIERIA
DISEÑO DE MODAS;BELLAS ARTES
LICENCIATURA EN COMUNICACION E INFORMATICA EDUCATIVA;EDUCACION
LICENCIATURA EN EDUCACION FISICA;EDUCACION
GEOLOGIA;CIENCIAS_NATURALES
INGENIERÍA MECATRÓNICA;INGENIERIA
ADMINISTRACION TURISTICA Y HOTELERA;ADMON_CONTADURIA
LICENCIATURA EN EDUCACION CON ENFASIS EN EDUCACION ESPECIAL;EDUCACION
QUIMICA;CIENCIAS_NATURALES
PROFESIONAL EN ACTIVIDAD FISICA Y DEPORTE;CIENCIAS_SALUD
HISTORIA;HUMANIDADES
MICROBIOLOGIA Y BIOANALISIS;CIENCIAS_SALUD
ADMINISTRACIÓN TECNÓLOGICA;ADMON_CONTADURIA
ADMINISTRACION DE MERCADEO;ADMON_CONTADURIA
LICENCIATURA EN LENGUAS MODERNAS INGLES-FRANCES;EDUCACION
SALUD OCUPACIONAL;CIENCIAS_SALUD
INGENIERÍA AMBIENTAL Y SANITARIA;INGENIERIA
ECOLOGIA DE ZONAS COSTERAS;CIENCIAS_NATURALES
PROFESIONAL EN TRABAJO SOCIAL;HUMANIDADES
INGENIERIA AMBIENTAL Y DE SANEAMIENTO;INGENIERIA
LICENCIATURA EN CIENCIAS NATURALES;EDUCACION
LICENCIATURA EN EDUCACION BASICA CON ENFASIS EN HUMANIDADES Y LENGUA CASTELLANA;EDUCACION
CONSTRUCCION;INGENIERIA
ADMINISTRACION DE EMPRESAS TURÍSTICAS Y HOTELERAS;ADMON_CONTADURIA
LICENCIATURA EN INGLÉS-ESPAÑOL;EDUCACION
ADMINISTRACION INDUSTRIAL;ADMON_CONTADURIA
LICENCIATURA EN ARTES ESCENICAS CON ENFASIS EN TEATRO;EDUCACION
TEOLOGIA;HUMANIDADES
COMERCIO Y NEGOCIOS INTERNACIONALES;ADMON_CONTADURIA
PUBLICIDAD;HUMANIDADES
INGENIERIA EN AUTOMATIZACIÓN;INGENIERIA
OPTOMETRÍA;CIENCIAS_SALUD
INGENIERIA FISICA;INGENIERIA
LICENCIATURA EN EDUCACION BASICA CON ENFASIS EN CIENCIAS SOCIALES;EDUCACION
LICENCIATURA EN EDUCACION  FISICA RECREACION  Y  DEPORTE;EDUCACION
CIENCIA POLITICA Y GOBIERNO;CIENCIAS_SOCIALES
LICENCIATURA EN PEDAGOGÍA SOCIAL PARA LA REHABILITACIÓN;EDUCACION
PROFESIONAL EN ENTRENAMIENTO DEPORTIVO;CIENCIAS_SALUD
CONSTRUCCION Y GESTION EN ARQUITECTURA;INGENIERIA
INGENIERÍA MECÁNICA;INGENIERIA
INGENIERÍA EN DISEÑO INDUSTRIAL;INGENIERIA
NUTRICIÓN Y DIETÉTICA;CIENCIAS_SALUD
INGENIERIA FORESTAL;INGENIERIA
FINANZAS Y COMERCIO EXTERIOR;ADMON_CONTADURIA
PROFESIONAL  EN DISEÑO GRAFICO;BELLAS ARTES
ADMINISTRACION;ADMON_CONTADURIA
COMERCIO EXTERIOR;ADMON_CONTADURIA
NEGOCIOS Y FINANZAS INTERNACIONALES;ADMON_CONTADURIA
LICENCIATURA EN LENGUA EXTRANJERA INGLES;EDUCACION
ADMINISTRACIÓN EN SALUD;CIENCIAS_SALUD
INGENIERÍA CIVIL;INGENIERIA
LICENCIATURA EN EDUCACIÓN FÍSICA Y DEPORTES;EDUCACION
LICENCIATURA EN EDUCACION BASICA ENFASIS EN EDUCACION FISICA, RECREACION Y DEPORTE;EDUCACION
ARTES PLÁSTICAS Y VISUALES;BELLAS ARTES
INGENIERIA GEOLOGICA;INGENIERIA
INGENIERÍA AGRONÓMICA;INGENIERIA
INGENIERIA EN SEGURIDAD INDUSTRIAL E HIGIENE OCUPACIONAL;INGENIERIA
COMERCIO INTERNACIONAL Y FINANZAS;ADMON_CONTADURIA
INGENIERÍA GEOGRÁFICA Y AMBIENTAL;INGENIERIA
FINANZAS Y RELACIONES INTERNACIONALES;ADMON_CONTADURIA
ADMINISTRACION COMERCIAL Y DE MERCADEO;ADMON_CONTADURIA
LICENCIATURA EN EDUCACION BASICA CON ENFASIS EN HUMANIDADES -  LENGUA CASTELLANA;EDUCACION
LETRAS - FILOLOGIA HISPANICA;HUMANIDADES
LICENCIATURA EN MATEMATICAS Y ESTADISTICA;EDUCACION
CINE;BELLAS ARTES
INGENIERIA INFORMATICA;INGENIERIA
INGENIERIA DE MINAS Y METALURGIA;INGENIERIA
LICENCIATURA EN EDUCACION BASICA CON ENFASIS EN INGLES;EDUCACION
ADMINISTRACION POLICIAL;CIENCIAS_SOCIALES
ADMINISTRACION DE SERVICIOS DE SALUD;CIENCIAS_SALUD
PROFESIONAL EN MARKETING Y NEGOCIOS INTERNACIONALES;ADMON_CONTADURIA
LICENCIATURA EN ARTES PLASTICAS;EDUCACION
ADMINISTRACION DEPORTIVA;ADMON_CONTADURIA
COMUNICACION SOCIAL -  PERIODISMO;HUMANIDADES
ADMINISTRACION EN FINANZAS Y NEGOCIOS INTERNACIONALES;ADMON_CONTADURIA
INGENIERIA AGROECOLOGICA;INGENIERIA
INGENIERIA GEOGRAFICA Y AMBIENTAL;INGENIERIA
INGENIERÍA ELECTROMECÁNICA;INGENIERIA
LICENCIATURA EN EDUCACION FISICA,RECREACION Y DEPORTES;EDUCACION
ADMINISTRACIÓN COMERCIAL;ADMON_CONTADURIA
LICENCIATURA EN INFORMATICA Y MEDIOS AUDIOVISUALES;EDUCACION
LICENCIATURA EN EDUCACION FISICA RECREACION Y DEPORTE;EDUCACION
DERECHO Y CIENCIAS POLITICAS;CIENCIAS_SOCIALES
ADMINISTRACIÓN DE NEGOCIOS INTERNACIONALES;ADMON_CONTADURIA
INGENIERIA DE TRANSPORTE Y VIAS;INGENIERIA
DEPORTE Y ACTIVIDAD FISICA;CIENCIAS_SALUD
CULINARIA Y GASTRONOMÍA;HUMANIDADES
INGENIERIA DE SISTEMAS E INFORMATICA;INGENIERIA
LICENCIATURA  PEDAGOGIA INFANTIL;EDUCACION
PROFESIONAL EN MERCADEO Y PUBLICIDAD;ADMON_CONTADURIA
BIOINGENIERIA;INGENIERIA
LICENCIATURA EN IDIOMAS MODERNOS ESPAÑOL- INGLES;EDUCACION
COMUNICACION SOCIALY PERIODISMO;HUMANIDADES
ARQUEOLOGIA;HUMANIDADES
ADMINISTRACION HUMANA;HUMANIDADES
CRIMINALISTICA;CIENCIAS_SOCIALES
DISEÑO;BELLAS ARTES
GESTION EMPRESARIAL;ADMON_CONTADURIA
DANZA;BELLAS ARTES
LICENCIATURA EN LENGUA CASTELLANA Y LITERATURA;EDUCACION
LICENCIATURA EN ARTES ESCENICAS;EDUCACION
LICENCIATURA EN EDUCACION BASICA CON ENFASIS EN EDUCACION FISICA,RECREACION Y DEPORTE;EDUCACION
LICENCIATURA EN ARTES VISUALES;EDUCACION
ARCHIVISTICA;HUMANIDADES
CIENCIAS POLÍTICAS;CIENCIAS_SOCIALES
DEPORTE;CIENCIAS_SALUD
ADMINISTRACION DE EMPRESAS  Y  GESTION AMBIENTAL;ADMON_CONTADURIA
TEOLOGÍA;HUMANIDADES
LICENCIATURA EN PREESCOLAR;EDUCACION
INGENIERIA DE SISTEMAS Y TELECOMUNICACIONES;INGENIERIA
CULTURA FISICA, DEPORTE Y RECREACION;CIENCIAS_SALUD
INGENIERÍA EN INFORMÁTICA;INGENIERIA
INGENIERÍA ELÉCTRICA;INGENIERIA
HISTORIA Y ARCHIVISTICA;HUMANIDADES
LICENCIATURA EN INFORMATICA;EDUCACION
GESTION Y DESARROLLO URBANOS;CIENCIAS_SOCIALES
LICENCIATURA EN CULTURA, FISICA, RECREACION Y DEPORTES;EDUCACION
DISEÑO GRÁFICO;BELLAS ARTES
CONSTRUCCIONES CIVILES;INGENIERIA
GASTRONOMIA;HUMANIDADES
MATEMATICAS;CIENCIAS_NATURALES
BIOLOGÍA;CIENCIAS_NATURALES
COMUNICACION GRAFICA PUBLICITARIA;ADMON_CONTADURIA
LICENCIATURA EN FISICA;EDUCACION
INGENIERIA EN HIGIENE Y SEGURIDAD INDUSTRIAL;INGENIERIA
ADMINISTRACIÓN DE EMPRESAS TURÍSTICAS Y HOTELERAS;ADMON_CONTADURIA
COMUNICACIÓN Y ENTRETENIMIENTO DIGITAL;HUMANIDADES
INGENIERIA EN SOFTWARE;INGENIERIA
LICENCIATURA EN LENGUAS EXTRANJERAS: INGLES-FRANCES;EDUCACION
LICENCIATURA EN MATEMATICAS Y FISICA;EDUCACION
LICENCIATURA EN DISEÑO TECNOLOGICO CON ENFASIS EN SISTEMAS MECANICOS;EDUCACION
ADMINISTRACIÓN DE EMPRESAS TURÍSTICAS;ADMON_CONTADURIA
PROGRAMA PROFESIONAL UNIVERSITARIO EN LENGUAS EXTRANJERAS;EDUCACION
ADMINISTRACI¿N LOG¿STICA;ADMON_CONTADURIA
SISTEMAS DE INFORMACION Y DOCUMENTACION;HUMANIDADES
DISEÑO DE LA COMUNICACION GRAFICA;HUMANIDADES
FILOSOFIA Y LETRAS;HUMANIDADES
LICENCIATURA EN LENGUAS EXTRANJERAS INGLES-FRANCES;EDUCACION
DISEÑO VISUAL DIGITAL;BELLAS ARTES
INGENIERIA DE MINAS;INGENIERIA
CULTURA FISICA Y DEPORTE;CIENCIAS_SALUD
LICENCIATURA EN EDUCACION ARTISTICA CON ENFASIS EN DANZA Y TEATRO;EDUCACION
LICENCIATURA EN LENGUAS EXTRANJERAS CON ÉNFASIS EN INGLÉS;EDUCACION
INGENIERIA AERONAUTICA;INGENIERIA
INGENIERIA EN ENERGIA;INGENIERIA
INGENIERIA AGRICOLA;INGENIERIA
ESPAÑOL Y FILOLOGIA CLASICA;HUMANIDADES
ARTES VISUALES;BELLAS ARTES
ADMINISTRACION EN SALUD: ENFASIS EN GESTION DE SERVICIOS DE SALUD Y  ENFASIS EN GESTION SANITARIA Y AMBIENTAL;CIENCIAS_SALUD
LICENCIATURA EN EDUCACI¿N ART¿STICA;EDUCACION
LICENCIATURA EN EDUCACIÓN BÁSICA CON ÉNFASIS EN HUMANIDADES- LENGUA CASTELLANA;EDUCACION
FORMACION MUSICAL;BELLAS ARTES
LICENCIATURA EN EDUCACIÓN BÁSICA CON ÉNFASIS EN HUMANIDADES, LENGUA CASTELLANA;EDUCACION
ADMINISTRACION DE SISTEMAS INFORMÁTICOS;INGENIERIA
LICENCIATURA EN EDUCACIÓN BÁSICA, CON ÉNFASIS EN HUMANIDADES, LENGUA CASTELLANA;EDUCACION
DIRECCION Y PRODUCCION DE MEDIOS AUDIOVISUALES;BELLAS ARTES
ADMINISTRACIÓN PÚBLICA;ADMON_CONTADURIA
PROFESIONAL EN NEGOCIOS INTERNACIONALES;ADMON_CONTADURIA
DISEÑO DIGITAL Y MULTIMEDIA;BELLAS ARTES
GEOGRAFIA APLICADA A LA ORGANIZACION DEL ESPACIO Y PLANIFICACION REGIONAL;CIENCIAS_SOCIALES
INGENIERIA EN MECATRONICA;INGENIERIA
INGENIERÍA EN DISEÑO DE ENTRETENIMIENTO DIGITAL;INGENIERIA
FISICA;CIENCIAS_NATURALES
INGENIERIA EN TELEMATICA;INGENIERIA
LICENCIATURA EN MUSICA;EDUCACION
INGENIERIA FINANCIERA Y DE NEGOCIOS;INGENIERIA
MICROBIOLOGIA;CIENCIAS_SALUD
PROFESIONAL EN PSICOLOGÍA;CIENCIAS_SALUD
LICENCIATURA EN EDUCACIÓN BÁSICA CON ÉNFASIS EN CIENCIAS SOCIALES;EDUCACION
DISEÑO DE COMUNICACION VISUAL;BELLAS ARTES
ADMINISTRACION AGROPECUARIA;AGRO_VETERINARIA
ADMINISTRACIÓN LOGISTICA;ADMON_CONTADURIA
LICENCIATURA EN LENGUA CASTELLANA;EDUCACION
INGENIERÍA EN ENERGÍA;INGENIERIA
INGENIERÌA INFORMÀTICA;INGENIERIA
INGENIERIA DE LA CALIDAD;INGENIERIA
INGENIERÍA AERONÁUTICA;INGENIERIA
COMERCIO INTERNACIONAL;ADMON_CONTADURIA
LICENCIATURA EN EDUCACION FISICA, RECREACION Y DEPORTES;EDUCACION
ADMINISTRACIÓN DE SERVICIOS DE SALUD;CIENCIAS_SALUD
LICENCIATURA EN HUMANIDADES Y LENGUA CASTELLANA;EDUCACION
ADMINISTRACION AERONAUTICA;INGENIERIA
TURISMO;ADMON_CONTADURIA
CIENCIAS MILITARES AERONÁUTICAS;CIENCIAS_SOCIALES
CIENCIAS DEL DEPORTE;CIENCIAS_SALUD
LICENCIATURA EN PEDAGOG¿A INFANTIL;EDUCACION
MERCADEO NACIONAL E INTERNACIONAL;ADMON_CONTADURIA
QUIMICA INDUSTRIAL;CIENCIAS_NATURALES
RELACIONES INTERNACIONALES Y ESTUDIOS POLITICOS;CIENCIAS_SOCIALES
LICENCIATURA EN EDUCACION ESPECIAL;EDUCACION
LICENCIATURA EN EDUCACION POPULAR;EDUCACION
PROFESIONAL EN DISEÑO INDUSTRIAL;INGENIERIA
COMUNICACION Y PERIODISMO;HUMANIDADES
BIBLIOTECOLOGIA;HUMANIDADES
ADMINISTRACIÓN DE COMERCIO EXTERIOR;ADMON_CONTADURIA
FILOSOFÍA;CIENCIAS_SOCIALES
3°  CICLO PROFESIONAL NEGOCIOS INTERNACIONALES;ADMON_CONTADURIA
LICENCIATURA EN CIENCIAS RELIGIOSAS;EDUCACION
INGENIERIA DE SOFTWARE;INGENIERIA
LICENCIATURA EN HUMANIDADES, LENGUA CASTELLANA E INGLES;EDUCACION
ADMINISTRACION DE EMPRESAS AGROPECUARIAS;AGRO_VETERINARIA
PRODUCCION AGROINDUSTRIAL;AGRO_VETERINARIA
DISEÑO DE MEDIOS  INTERACTIVOS;BELLAS ARTES
LICENCIATURA EN MATEMÁTICAS;EDUCACION
CIENCIA DE LA INFORMACION Y BIBLIOTECOLOGIA;HUMANIDADES
LICENCIATURA EN PEDAGOGIA DE LA PRIMERA INFANCIA;EDUCACION
LICENCIATURA EN EDUCACION AMBIENTAL;EDUCACION
INGENIERIA EN SEGURIDAD Y SALUD PARA EL TRABAJO;INGENIERIA
LICENCIATURA EN LENGUAS  EXTRANJERAS;EDUCACION
LICENCIATURA EN EDUCACION RELIGIOSA;EDUCACION
CONTADURÍA PÚBLICA.;ADMON_CONTADURIA
INGENIERÍA BIOQUÍMICA;INGENIERIA
LICENCIATURA EN EDUCACION BASICA CON ENFASIS EN INFORMATICA;EDUCACION
LICENCIATURA EN EDUCACION BASICA CON ENFASIS EN HUMANIDADES, ESPAÑOL Y LENGUAS EXTRANJERAS;EDUCACION
LICENCIATURA EN TECNOLOGIA E INFORMATICA;EDUCACION
ARTES ESCÉNICAS;BELLAS ARTES
ESTUDIOS MUSICALES;BELLAS ARTES
ADMINISTRACIÓN TURÍSTICA Y HOTELERA;ADMON_CONTADURIA
INGENIERIA DE PROCESOS;INGENIERIA
INGENIERÍA DE PRODUCCIÓN;INGENIERIA
MATEMÁTICA APLICADA;CIENCIAS_NATURALES
LICENCIATURA EN BIOLOGIA CON ENFASIS EN EDUCACION AMBIENTAL;EDUCACION
ADMINISTRACIÓN LOGÍSTICA;ADMON_CONTADURIA
DISE¿¿O DE COMUNICACI¿¿N GR¿¿FICA;BELLAS ARTES
ADMINISTRACION DE EMPRESAS TURISTICAS Y HOTELERAS;ADMON_CONTADURIA
LICENCIATURA EN FILOSOFIA Y LENGUA CASTELLANA;EDUCACION
MUSICA;BELLAS ARTES
ADMINISTRACION DE INSTITUCIONES DE SERVICIO;ADMON_CONTADURIA
PUBLICIDAD Y MERCADEO;ADMON_CONTADURIA
ARTES DE LA ESCENA;BELLAS ARTES
DISEÑO INTERIOR;BELLAS ARTES
CONSTRUCCION EN ARQUITECTURA E INGENIERIA;INGENIERIA
CINE Y COMUNICACIÓN DIGITAL;BELLAS ARTES
LICENCIATURA  EN MATEMATICAS;EDUCACION
LICENCIATURA EN EDUCACION FISICA,RECREACION Y DEPORTE;EDUCACION
HISTORIA Y PATRIMONIO;HUMANIDADES
LITERATURA;HUMANIDADES
LICENCIATURA EN EDUCACION BASICA CON ENFASIS EN EDUCACION ARTISTICA;EDUCACION
LICENCIATURA EN EDUCACION BASICA CON ENFASIS EN HUMANIDADES,LENGUA CASTELLANA E INGLES;EDUCACION
GEOGRAFIA;CIENCIAS_NATURALES
BIOLOGIA APLICADA;CIENCIAS_NATURALES
GERENCIA DE LA SEGURIDAD Y ANALISIS SOCIO POLITICO;CIENCIAS_SOCIALES
LICENCIATURA EN EDUCACIÓN ESPECIAL;EDUCACION
LICENCIATURA EN INGLÉS COMO LENGUA EXTRANJERA;EDUCACION
LICENCIATURA EN EDUCACION ARTISTICA Y ARTES ESCENICAS;EDUCACION
INGENIERIA METALURGICA;INGENIERIA
LICENCIATURA EN FILOSOFIA;EDUCACION
CINE Y TELEVISION;BELLAS ARTES
INGENIERIA SANITARIA;INGENIERIA
LICENCIATURA EN INGLES - ESPAÑOL;EDUCACION
INGENIERÍA FORESTAL;INGENIERIA
INGENIERIA EN CONTROL;INGENIERIA
COMUNICACION AUDIOVISUAL Y MULTIMEDIAL;HUMANIDADES
FINANZAS;ADMON_CONTADURIA
ARTES DE LA GRABACION Y PRODUCCION MUSICAL;BELLAS ARTES
LICENCIATURA EN LINGUISTICA Y LITERATURA;EDUCACION
LICENCIATURA EN EDUCACION ARTISTICA Y CULTURAL;EDUCACION
INGENIERÍA DE LAS ARTES DIGITALES;INGENIERIA
PROFESIONAL UNIVERSITARIO EN FOTOGRAFÍA PARA MEDIOS;BELLAS ARTES
COMUNICACION PUBLICITARIA;ADMON_CONTADURIA
CIENCIAS DE LA COMPUTACIÓN E INTELIGENCIA ARTIFICIAL;INGENIERIA
COMUNICACION SOCIAL     Y     PERIODISMO;HUMANIDADES
LICENCIATURA EN EDUCACION BASICA  CON ENFASIS EN HUMANIDADES Y LENGUA CASTELLANA;EDUCACION
ECOLOGIA;CIENCIAS_NATURALES
ADMINISTRACIÓN DE LA SALUD OCUPACIONAL;CIENCIAS_SALUD
LICENCIATURA EN INGLÉS Y BILINGÜISMO;EDUCACION
CIENCIAS POLITICAS;CIENCIAS_SOCIALES
GOBIERNO Y RELACIONES INTERNACIONALES;CIENCIAS_SOCIALES
ADMINISTRACIÓN DE EMPRESAS TURISTICAS;ADMON_CONTADURIA
DIRECCION Y PRODUCCION DE CINE Y TELEVISION;BELLAS ARTES
ADMINISTRACION EN MERCADEO Y LOGISTICA INTERNACIONALES;ADMON_CONTADURIA
MICROBIOLOGIA INDUSTRIAL Y AMBIENTAL;CIENCIAS_SALUD
GEOCIENCIAS;CIENCIAS_NATURALES
ARTES MUSICALES;BELLAS ARTES
GEOLOG¿A;CIENCIAS_NATURALES
INGENIERIA BIOTECNOLOGICA;INGENIERIA
CIENCIAS NAUTICAS PARA OFICIALES MERCANTES;INGENIERIA
INGENIERÍA MECATRÓNICA - CICLO PROFESIONAL UNIVERSITARIO;INGENIERIA
CONTADURIA PUBLICA Y FINANZAS INTERNACIONALES;ADMON_CONTADURIA
INGENIERIA COMERCIAL;INGENIERIA
CIENCIAS NAVALES PARA OFICIALES NAVALES;CIENCIAS_SOCIALES
ADMINISTRACION Y FINANZAS;ADMON_CONTADURIA
LICENCIATURA EN EDUCACION BASICA CON ENFASIS EN HUMANIDADES, LENGUA CASTELLANA;EDUCACION
INVESTIGACIÓN CRIMINAL;CIENCIAS_SOCIALES
HOTELERIA Y TURISMO ECOLOGICO;ADMON_CONTADURIA
INGENIERIA TOPOGRAFICA;INGENIERIA
PROFESIONAL EN DISEÑO DE INTERIORES;BELLAS ARTES
FÍSICA;CIENCIAS_NATURALES
LICENCIATURA EN EDUCACION BASICA CON ENFASIS EN LENGUA CASTELLANA E INGLES;EDUCACION
INGENIERIA EN  TELECOMUNICACIONES;INGENIERIA
FOTOGRAFÍA Y COMUNICACIÓN VISUAL;BELLAS ARTES
ARTE DRAMATICO;BELLAS ARTES
LICENCIATURA EN TEOLOGÍA;EDUCACION
ADMINISTRACIÓN TURÍSTICA;ADMON_CONTADURIA
MARKETING Y NEGOCIOS INTERNACIONALES;ADMON_CONTADURIA
LICENCIATURA EN ETNOEDUCACION Y DESARROLLO COMUNITARIO;EDUCACION
LICENCIATURA EN EDUCACION INDUSTRIAL;EDUCACION
BIOINGENIERÍA;INGENIERIA
LICENCIATURA EN ARTE Y FOLKLORE Y CULTURA;EDUCACION
ARTES CULINARIAS Y GASTRONOMÍA;HUMANIDADES
MARKETING Y LOGISTICA;ADMON_CONTADURIA
INGENIERIA CATASTRAL Y GEODESIA;INGENIERIA
DIRECCION Y PRODUCCION DE RADIO Y TELEVISION;BELLAS ARTES
LICENCIATURA EN INFORMATICA EDUCATIVA;EDUCACION
MUSICA INSTRUMENTAL;BELLAS ARTES
MERCADEO PUBLICIDAD Y VENTAS;ADMON_CONTADURIA
DISEÑO DE ESPACIOS;BELLAS ARTES
DISEÑO DE ESPACIOS - ESCENARIO;BELLAS ARTES
CONTADURIA;ADMON_CONTADURIA
ADMINISTRACION EN LOGISTICA Y PRODUCCION;ADMON_CONTADURIA
INGENIERIA MECATRONICO;INGENIERIA
CIENCIA DE LA INFORMACION - BIBLIOTECOLOGIA;HUMANIDADES
INGENIERIA  AGROFORESTAL;INGENIERIA
INGENIERÍA AGROINDUSTRIAL;INGENIERIA
MERCADOLOGIA;ADMON_CONTADURIA
INGENIERÍA INFORMÁTICA;INGENIERIA
LICENCIATURA EN DEPORTE;EDUCACION
LOGISTICA EMPRESARIAL;ADMON_CONTADURIA
LICENCIATURA EN LENGUAS EXTRANJERAS INGLES - FRANCES;EDUCACION
PROFESIONAL EN BANCA Y FINANZAS;ADMON_CONTADURIA
CIENCIA POLÍTICA;CIENCIAS_SOCIALES
LICENCIATURA EN CIENCIAS NATURALES Y EDUCACIÓN AMBIENTAL;EDUCACION
DISEÑO DE VESTUARIO;BELLAS ARTES
PROFESIONAL EN MEDIOS AUDIOVISUALES;BELLAS ARTES
ADMINISTRACIÓN COMERCIAL Y FINANCIERA;ADMON_CONTADURIA
PUBLICIDAD Y MARKETING CREATIVO;ADMON_CONTADURIA
LICENCIATURA EN QUIMICA;EDUCACION
GESTION CULTURAL Y COMUNICATIVA;BELLAS ARTES
INGENIERIA EN INSTRUMENTACION Y CONTROL;INGENIERIA
GASTRONOMIA Y COCINA PROFESIONAL;HUMANIDADES
CIENCIA POLITICA Y RELACIONES INTERNACIONALES;CIENCIAS_SOCIALES
DESARROLLO FAMILIAR;CIENCIAS_SALUD
LICENCIATURA EN LENGUAS EXTRANJERAS CON ENFASIS EN INGLES;EDUCACION
LICENCIATURA EN MATEMÁTICAS Y FÍSICA;EDUCACION
LENGUAS Y CULTURA;HUMANIDADES
INGENIERIA AGRONÓMICA;INGENIERIA
ADMINISTRACIÓN DE EMPRESAS - CICLO PROFESIONAL;ADMON_CONTADURIA
INGENIERÍA GEOLÓGICA;INGENIERIA
LICENCIATURA EN LITERATURA;EDUCACION
CONTADURÍA INTERNACIONAL;ADMON_CONTADURIA
LICENCIATURA EN EDUCACION BASICA CON ENFASIS EN TECNOLOGIA E INFORMATICA;EDUCACION
CIENCIAS DEL DEPORTE Y  LA RECREACION;CIENCIAS_SALUD
LICENCIATURA EN EDUCACION BILINGUE;EDUCACION
DISEÑO GRÀFICO;BELLAS ARTES
ADMINISTRACIÓN DE LA SEGURIDAD Y SALUD   EN EL TRABAJO;CIENCIAS_SALUD
ARTES ESCENICAS;BELLAS ARTES
ADMINISTRACI¿N DE EMPRESAS;ADMON_CONTADURIA
LICENCIATURA EN HISTORIA;EDUCACION
SOCIOLOGÍA;CIENCIAS_SOCIALES
LICENCIATURA EN CIENCIAS DEL DEPORTE Y LA EDUCACION FISICA;EDUCACION
LICENCIATURA EN ARTES ESCÉNICAS;EDUCACION
ODONTOLOGÍA;CIENCIAS_SALUD
COMUNICACION VISUAL;BELLAS ARTES
INGENIERÍA ELECTRÓNICA Y TELECOMUNICACIONES;INGENIERIA
COMUNICACIÓN AUDIOVISUAL;BELLAS ARTES
LICENCIATURA EN EDUCACION BASICA ENFASIS EN CIENCIAS NATURALES Y EDUCACION AMBIENTAL;EDUCACION
POLITICA Y RELACIONES INTERNACIONALES;CIENCIAS_SOCIALES
INGENIER¿A DE SISTEMAS;INGENIERIA
COMUNICACION Y RELACIONES CORPORATIVAS;ADMON_CONTADURIA
INGENIERIA DE SISTEMAS CON ENFASIS EN TELECOMUNICACIONES;INGENIERIA
TERAPIA CARDIORRESPIRATORIA;CIENCIAS_SALUD
DERECHO Y CIENCIAS SOCIALES;CIENCIAS_SOCIALES
MICROBIOLOGÍA;CIENCIAS_SALUD
ADMINISTRACIÓN DE AGRONEGOCIOS;AGRO_VETERINARIA
LICENCIATURA EN EDUCACION BASICA, ENFASIS EN CIENCIAS NATURALES Y EDUCACION AMBIENTAL;EDUCACION
LICENCIATURA EN EDUCACION BASICA EN CIENCIAS NATURALES Y EDUCACION AMBIENTAL;EDUCACION
PUBLICIDAD INTERNACIONAL;ADMON_CONTADURIA
LICENCIATURA EN LITERATURA Y LENGUA CASTELLANA;EDUCACION
BIOTECNOLOGIA;CIENCIAS_NATURALES
QUIMICA.;CIENCIAS_NATURALES
ADMINISTRACIÒN DE NEGOCIOS INTERNACIONALES;ADMON_CONTADURIA
MÚSICA;BELLAS ARTES
LICENCIATURA EN EDUCACION FISICA, RECREACION Y DEPORTE;EDUCACION
LICENCIATURA EN FILOSOFIA E HISTORIA;EDUCACION
LICENCIATURA EN ELECTRONICA;EDUCACION
LICENCIATURA EN EDUCACION BASICA CON ENFASIS EN HUMANIDADES: ESPAÑOL E INGLES;EDUCACION
INGENIERIA DE SISTEMAS Y  COMPUTACION;INGENIERIA
DEPORTE Y CULTURA FISICA;CIENCIAS_SALUD
INGENIERIA  AMBIENTAL;INGENIERIA
PROFESIONAL EN MERCADEO;ADMON_CONTADURIA
LICENCIATURA EN LENGUA INGLESA;EDUCACION
LICENCIATURA EN EDUCACION BILINGUE CON ENFASIS EN LA ENSEÑANZA DEL INGLES;EDUCACION
LICENCIATURA EN EDUCACIÓN BÁSICA CON ÉNFASIS EN HUMANIDADES LENGUA CASTELLANA;EDUCACION
LICENCIATURA EN ARTE DRAMATICO;EDUCACION
LICENCIATURA EN EDUCACION CON ENFASIS EN INGLES;EDUCACION
CONTADURÍA PUBLICA;ADMON_CONTADURIA
MATEMATICAS CON ENFASIS EN ESTADISTICA;CIENCIAS_NATURALES
ARTES AUDIOVISUALES;BELLAS ARTES
ADMINSITRACIÓN DE EMPRESAS;ADMON_CONTADURIA
ADMINISTRACION DE HOTELERIA Y TURISMO;ADMON_CONTADURIA
ADMINISTRACION DE EMPRESAS Y FINANZAS;ADMON_CONTADURIA
GOBIERNO Y ASUNTOS PUBLICOS;CIENCIAS_SOCIALES
NUTRICIÓN Y DIETETICA;CIENCIAS_SALUD
ADMINISTRACION LOGISTICA;ADMON_CONTADURIA
LICENCIATURA EN PRODUCCION AGROPECUARIA;EDUCACION
INGENIERÍA EN PROCESOS AGROINDUSTRIALES;INGENIERIA
INSTRUMENTACION QUIRURGICA PROFESIONAL;CIENCIAS_SALUD
INGENIERIA DE TELECOMUNICACIONES E INFORMATICA;INGENIERIA
LICENCIATURA EN EDUCACIÓN BÁSICA CON ÉNFASIS EN CIENCIAS NATURALES Y EDUCACIÓN AMBIENTAL;EDUCACION
ESTUDIOS EN FILOSOFIA;HUMANIDADES
INGENIERÍA QUÍMICA;INGENIERIA
LICENCIATURA EN CIENCIAS SOCIALES Y DESARROLLO LOCAL;EDUCACION
INGENIERIA NAVAL;INGENIERIA
PERIODISMO Y OPINION PUBLICA;HUMANIDADES
LICENCIATURA EN RECREACION;EDUCACION
AGRONOMIA DEL TROPICO HUMEDO;AGRO_VETERINARIA
INGENIERIA BIOLOGICA;INGENIERIA
INGENIERÍA NAVAL;INGENIERIA
LICENCIATURA EN CIENCIAS SOCIALES CON ÉNFASIS EN EDUCACIÓN BÁSICA;EDUCACION
ACTIVIDAD FISICA Y DEPORTE;CIENCIAS_SALUD
LICENCIATURA EN MATEMATICAS Y TECNOLOGIAS DE LA INFORMACION;EDUCACION
ARTE;BELLAS ARTES
GASTRONOMÍA;HUMANIDADES
INGENIERIA BIOMÉDICA;INGENIERIA
CINE Y TELEVISIÓN;BELLAS ARTES
BANCA Y FINANZAS;ADMON_CONTADURIA
LICENCIATURA EN EDUCACIÓN BILINGUE;EDUCACION
INGENIERIA PECUARIA;INGENIERIA
LICENCIATURA EN EDUCACIÓN FÍSICA Y DEPORTE;EDUCACION
LICENCIATURA EN FILOSOFIA, PENSAMIENTO POLITICO Y ECONOMICO;EDUCACION
ADMINISTRACION DE EMPRESAS EN TELECOMUNICACIONES;ADMON_CONTADURIA
INGENIERÍA SANITARIA;INGENIERIA
BIOLOGIA MARINA;CIENCIAS_NATURALES
LICENCIATURA EN EDUCACI¿N B¿SICA PRIMARIA;EDUCACION
Licenciatura en Lenguas Extranjeras con Énfasis en Inglés;EDUCACION
ESTADÍSTICA;CIENCIAS_NATURALES
PROFESIONAL EN ACTIVIDAD FÍSICA Y DEPORTE;CIENCIAS_SALUD
LICENCIATURA EN IDIOMA EXTRANJERO - INGLÉS;EDUCACION
INGENIERÍA DE SISTEMAS Y COMPUTACIÓN;INGENIERIA
ADMINISTRACION COMERCIAL;ADMON_CONTADURIA
FILOSOFÍA Y HUMANIDADES;HUMANIDADES
PROFESIONAL  EN GASTRONOMÍA Y  ALTA COCINA;HUMANIDADES
ADMINISTRACION Y NEGOCIOS INTERNACIONALES;ADMON_CONTADURIA
PROFESIONAL SEGURIDAD Y SALUD EN EL TRABAJO;CIENCIAS_SALUD
LICENCIATURA EN EDUCACION BASICA CON ENFASIS EN EDUCACION ARTISTICA-MUSICA;EDUCACION
CINE Y AUDIOVISUALES;BELLAS ARTES
COMUNICACION SOCIAL PERIODISMO;HUMANIDADES
INGENIIERIA DE SOFTWARE;INGENIERIA
PROFESIONAL EN MERCADEO EMPRESARIAL;ADMON_CONTADURIA
INGENIERÍA EN ENERGÍAS;INGENIERIA
OCEANOGRAFIA FISICA;CIENCIAS_NATURALES
ARTES PLASTICAS Y VISUALES;BELLAS ARTES
PROFESIONAL EN GASTRONOM¿A;HUMANIDADES
FILOLOGIA HISPANICA;HUMANIDADES
PROFESIONAL EN GASTRONOMÍA Y CULINARIA;HUMANIDADES
ADMINISTRACION DE GESTISN HUMANA;ADMON_CONTADURIA
ADMINISTRACION FINANCIERA Y DE SISTEMAS;ADMON_CONTADURIA
MERCADEO AGROINDUSTRIAL;AGRO_VETERINARIA
MATEMÁTICAS;CIENCIAS_NATURALES
REALIZACIÓN EN ANIMACIÓN;BELLAS ARTES
LICENCIATURA EN EDUCACION: ARTES PLASTICAS;EDUCACION
LICENCIATURA EN  LITERATURA Y LENGUA CASTELLANA;EDUCACION
PROFESIONAL EN GASTRONOMIA;HUMANIDADES
INGENIERIA DE SOFTWARE Y COMUNICACIONES;INGENIERIA
PROFESIONAL EN GESTION DEL DISEÑO;BELLAS ARTES
ADMINISTRACION DEL TURISMO SOSTENIBLE;ADMON_CONTADURIA
LICENCIATURA EN INGLES Y FRANCES;EDUCACION
ADMINISTRACION INFORMÁTICA;INGENIERIA
BIOLOGÍA AMBIENTAL;CIENCIAS_NATURALES
LICENCIATURA EN EDUCACIÓN PREESCOLAR;EDUCACION
LICENCIATURA EN EDUCACION BASICA CON ENFASIS EN  HUMANIDADES, LENGUA CASTELLANA E INGLES;EDUCACION
ADMINISTRACION DEL COMERCIO INTERNACIONAL;ADMON_CONTADURIA
ADMINISTRACION TURÍSTICA;ADMON_CONTADURIA
INGENIERIA EN DISEÑO DE MAQUINAS Y PRODUCTOS INDUSTRIALES;INGENIERIA
LICENCIATURA EN FILOSOFIA Y LETRAS;EDUCACION
ADMINISTRACION  FINANCIERA;ADMON_CONTADURIA
LICENCIATURA EN EDUCACIÓN PARA LA CONVIVENCIA Y EL DESARROLLO HUMANO;EDUCACION
PROFESIONAL EN GASTRONOMÍA;HUMANIDADES
MUSICA INSTRUMENTO;BELLAS ARTES
ECONOM¿A;CIENCIAS_SOCIALES
LICENCIATURA EN EDUCACIÓN ARTÍSTICA;EDUCACION
LICENCIATURA EN ESPAÑOL E INGLES;EDUCACION
COMUNICACI¿N SOCIAL Y PERIODISMO;HUMANIDADES
QUÍMICA INDUSTRIAL;CIENCIAS_NATURALES
LICENCIATURA EN BILINGÜISMO CON ENFASIS EN LA ENSEÑANZA DEL INGLÉS;EDUCACION
ADMINISTRACION MARITIMA Y PORTUARIA;ADMON_CONTADURIA
INGENIERIA DE SISTEMAS DE INFORMACION;INGENIERIA
DESARROLLO TERRITORIAL;CIENCIAS_SOCIALES
LICENCIATURA EN PSICOPEDAGOGIA CON ENFASIS EN ASESORIA EDUCATIVA;EDUCACION
LICENCIATURA EN TEATRO;EDUCACION
LICENCIATURA EN EDUCACION BILINGUE-ESPAÑOL-INGLES;EDUCACION
GEOGRAFIA DEL DESARROLLO REGIONAL Y AMBIENTAL;CIENCIAS_SOCIALES
DISEÑO DE ESPACIOS Y ESCENARIOS;BELLAS ARTES
MERCADEO INTERNACIONAL Y PUBLICIDAD;ADMON_CONTADURIA
LICENCIATURA EN EDUCACION BASICA EN DANZA;EDUCACION
CIENCIAS DEL DEPORTE Y LA ACTIVIDAD FISICA;CIENCIAS_SALUD
CONTADURIA P¿BLICA;ADMON_CONTADURIA
PROFESIONAL EN DISEÑO VISUAL;BELLAS ARTES
INGENIERIA EN INFORMATICA;INGENIERIA
ADMINISTRACION DE EMPRESAS AGROINDUSTRIALES;AGRO_VETERINARIA
ACUICULTURA;AGRO_VETERINARIA
LICENCIATURA EN EDUCACION COMUNITARIA CON ENFASIS EN DERECHOS HUMANOS;EDUCACION
LICENCIATURA EN EDUCACI¿N CON ¿NFASIS EN CIENCIAS SOCIALES Y AMBIENTALES;EDUCACION
INVESTIGACION CRIMINAL;CIENCIAS_SOCIALES
LOGISTICA Y MERCADEO ORGANIZACIONAL;ADMON_CONTADURIA
INGENIERÍA DE ALIMENTOS;INGENIERIA
MAESTRO EN MUSICA;BELLAS ARTES
INGENIERIA EN PRODUCCION ACUICOLA;AGRO_VETERINARIA
ASTRONOMIA;CIENCIAS_NATURALES
DISEÑO INTERACTIVO;BELLAS ARTES
LICENCIATURA EN DANZA CLASICA;EDUCACION
LICENCIATURA EN MATEMATICAS E INFORMATICA;EDUCACION
DISEÑO CROSSMEDIA;BELLAS ARTES
LICENCIATURA M¿SICA;EDUCACION
CONTADURIA PUBLICA ENFASIS EN SISTEMAS Y ECONOMIA SOLIDARIA;ADMON_CONTADURIA
DERECHO Y CIENCIAS POLÍTICAS;CIENCIAS_SOCIALES
LICENCIATURA EN BILINGUISMO CON ENFASIS EN ESPAÑOL E INGLES;EDUCACION
LICENCIATURA EN EDUCACIÓN  FÍSICA, RECREACIÓN Y DEPORTES;EDUCACION
GESTI¿N DEPORTIVA;CIENCIAS_SALUD
ADMINISTRACION EMPRESAS AGROINDUSTRIALES;AGRO_VETERINARIA
LICENCIATURA EN LENGUAS EXTRANJERAS CON ¿NFASIS EN INGL¿S;EDUCACION
DISEÑO DE MODA;BELLAS ARTES
INGENIERÍA EN TECNOLOGÍAS DE LA INFORMACIÓN Y LAS COMUNICACIONES;INGENIERIA
LICENCIATURA EN MUSICA Y DANZA;EDUCACION
LICENCIATURA  EN INGLES Y FRANCES;EDUCACION
CIENCIA POLITICA, GOBIERNO Y RELACIONES INTERNACIONALES;CIENCIAS_SOCIALES
PUBLICIDAD Y MARKETING DIGITAL;ADMON_CONTADURIA
COMUNICACIÓN SOCIAL - PERIODISMO;HUMANIDADES
DISEÑO Y GESTIÓN DE LA MODA Y EL TEXTIL;BELLAS ARTES
CREACION LITERARIA;BELLAS ARTES
COMUNICACION;HUMANIDADES
PROFESIONAL EN DISEÑO DE ALTA COSTURA;BELLAS ARTES
LICENCIATURA EN EDUCACIÓN FÍSICA DEPORTES Y RECREACIÓN;EDUCACION
LICENCIATURA EN EDUCACIÓN ARTÍSTICA Y CULTURAL;EDUCACION
ESTUDIOS Y GESTIÓN CULTURAL;CIENCIAS_SOCIALES
LICENCIATURA EN ARTES PLASTICAS Y VISUALES;EDUCACION
GERONTOLOGIA;CIENCIAS_SALUD
INGENIERIA TELEMATICA;INGENIERIA
PROFESIONAL UNIVERSITARIO DISEÑO GRÁFICO DIGITAL;BELLAS ARTES
LICENCIATURA EN EDUCACION BASICA CON ENFASIS EN HUMANIDADES,LENGUA CASTELLANA;EDUCACION
INGENIERÍA EN PROCESOS INDUSTRIALES;INGENIERIA
INGENIERÍA EN AUTOMATIZACIÓN;INGENIERIA
CONSERVACION Y RESTAURACION DE BIENES MUEBLES;INGENIERIA
LICENCIATURA EN EDUCACION BASICA CON ENFASIS EN HUMANIDADES Y LENGUAS;EDUCACION
INGENIERÍA DE PETRÓLEO Y GAS;INGENIERIA
ADMINISTRACIÓN HOTELERA Y DE SERVICIOS;ADMON_CONTADURIA
LICENCIATURA EN LENGUAS MODERNAS, INGLES Y FRANCES;EDUCACION
COMUNICACIÓN PUBLICITARIA;ADMON_CONTADURIA
LICENCIATURA EN  MATEMATICAS Y FISICA;EDUCACION
PROFESIONAL EN AGROINDUSTRIA;AGRO_VETERINARIA
MATEMÁTICAS APLICADAS Y CIENCIAS DE LA COMPUTACIÓN;INGENIERIA
COMUNICACIONES;HUMANIDADES
DISEÑO Y GESTIÓN DE LA MODA;BELLAS ARTES
LICENCIATURA EN EDUCACIÓN BÁSICA CON ÉNFASIS EN EDUCACIÓN ARTÍSTICA Y CULTURAL: MÚSICA;EDUCACION
PROFESIONAL EN DISEÑO GRÁFICO;BELLAS ARTES
RECREACION;CIENCIAS_SALUD
LICENCIATURA EN  FILOSOFIA Y CIENCIAS RELIGIOSAS;EDUCACION
MICROBIOLOGIA INDUSTRIAL;INGENIERIA
INGENIERIA DE MANTENIMIENTO;INGENIERIA
LICENCIATURA EN LENGUAS MODERNAS CON ÉNFASIS EN INGLÉS;EDUCACION
PSICÓLOGA;CIENCIAS_SALUD
DISE¿O Y ADMINISTRACI¿N DE NEGOCIOS DE LA MODA;ADMON_CONTADURIA
MUSICA- CANTO;BELLAS ARTES
LICENCIATURA EN EDUCACI¿N INFANTIL;EDUCACION
INGENIERÍA AGRONOMICA;INGENIERIA
LICENCIATURA EN EDUCACION BASICA PRIMARIA;EDUCACION
CIENCIAS AMBIENTALES;AGRO_VETERINARIA
COMUNICACI¿N SOCIAL;HUMANIDADES
MARKETING;ADMON_CONTADURIA
FILOSOFIA Y HUMANIDADES;HUMANIDADES
MICROBIOLOGÍA INDUSTRIAL Y AMBIENTAL;CIENCIAS_NATURALES
INGENIERÍA EN SEGURIDAD Y SALUD PARA EL TRABAJO;CIENCIAS_SALUD
ESTUDIOS DE ARTES LIBERALES EN CIENCIAS SOCIALES;CIENCIAS_SOCIALES
INGENIERÍA AGROPECUARIA;INGENIERIA
INGENIERIA EN ENERGIAS;INGENIERIA
BIOQUIMICA;CIENCIAS_NATURALES
ADMINSITRACION TURISTICA Y HOTELERA;ADMON_CONTADURIA
ADMINISTRACION DE EMPRESAS TURISTICA;ADMON_CONTADURIA
COMUNICACIÓN SOCIAL Y MEDIOS DIGITALES;HUMANIDADES
PROFESIONAL EN COMUNICACION SOCIAL - PERIODISMO;HUMANIDADES
QUIMICA AMBIENTAL;CIENCIAS_NATURALES
COMUNICACIÓN CORPORATIVA Y RELACIONES PÚBLICAS;HUMANIDADES
TERAPIAS PSICOSOCIALES;CIENCIAS_SALUD
LICENCIATURA EN EDUCACIÓN  FÍSICA, RECREACIÓN Y DEPORTE;EDUCACION
COMUNICACION ORGANIZACIONAL;ADMON_CONTADURIA
ADMINISTRACI¿N P¿BLICA;ADMON_CONTADURIA
QU¿MICA FARMAC¿UTICA;CIENCIAS_NATURALES
PROFESIONAL EN TURISMO Y GASTRONOMÍA;ADMON_CONTADURIA
INGENIERIA DE PLASTICOS;INGENIERIA
ADMINISTRACIÓN TÚRÍSTICA;ADMON_CONTADURIA
FOTOGRAFÍA;BELLAS ARTES
LICENCIATURA EN BIOLOGÍA;EDUCACION
LICENCIATURA EN EDUCACIÓN: ARTES PLÁSTICAS;EDUCACION
INTERPRETACION MUSICAL;BELLAS ARTES
ARTES PLASTICAS CON ENFASIS EN PROCESOS BIDIMENSIONALES Y TRIDIMENSIONALES;BELLAS ARTES
ADMINISTRACIÓN DE EMPRESAS AGROPECUARIAS;AGRO_VETERINARIA
HISTORIA DEL ARTE;BELLAS ARTES
DANZA Y DIRECCIÓN COREOGRÁFICA;BELLAS ARTES
ADMINISTRACION MARITIMA;ADMON_CONTADURIA
INGENIERIA TEXTIL;INGENIERIA
URBANISMO;CIENCIAS_SOCIALES
ADMINISTRACIÓN Y NEGOCIOS INTERNACIONALES;ADMON_CONTADURIA
DISEÑO DE COMUNICACIÓN;HUMANIDADES
DISEÑO Y GESTIÓN DEL PRODUCTO;INGENIERIA
COMUNICACIÓN AUDIOVISUAL Y DIGITAL;BELLAS ARTES
INGENIERÍA AGRÍCOLA;INGENIERIA
ADMINISTRACIÓN DE EMPRESAS AGROINDUSTRIALES;AGRO_VETERINARIA
INGENIER¿A EL¿CTRICA;INGENIERIA
GESTION EN ECOLOGIA Y TURISMO;ADMON_CONTADURIA
INGENIERIA EN AUTOMATICA INDUSTRIAL;INGENIERIA
LICENCIATURA EN EDUCACION PREESCOLAR CON ENFASIS EN INGLES;EDUCACION
PROFESIONAL EN MARKETING INTERNACIONAL;ADMON_CONTADURIA
PROFESIONAL EN FILOSOFIA;HUMANIDADES
LENGUAJES Y ESTUDIOS SOCIOCULTURALES;CIENCIAS_SOCIALES
INGENIERIA ELÉCTRICA;INGENIERIA
ECOLOGÍA;CIENCIAS_NATURALES
NARRATIVAS DIGITALES;BELLAS ARTES
ANTROPOLOGÍA;HUMANIDADES
LICENCIATURA EN PEDAGOGÍA DE LA MADRE TIERRA;EDUCACION
BIOLOGIA AMBIENTAL;CIENCIAS_NATURALES
LICENCIATURA EN EDUCACION BASICA CON ENFASIS EN MATEMATICAS E INFORMATICA;EDUCACION
INGENIERÍA DE PETRÓLEOS;INGENIERIA
MICROBIOLOGÍA Y BIOANÁLISIS;CIENCIAS_NATURALES
LICENCIATURA EN  FILOSOFIA;EDUCACION
LICENCIATURA EN EDUCACION RELIGIOSA CON ENFASIS EN BIBLIA;EDUCACION
INGENIERIA DE PRODUCCION AGROINDUSTRIAL;INGENIERIA
INGENIERIA TELEMÁTICA;INGENIERIA
LICENCIATURA EN EDUCACIÓN BÁSICA CON ÉNFASIS EN HUMANIDADES: ESPAÑOL E INGLÉS;EDUCACION
INGENIERÍA EN LOGISTICA Y OPERACIONES;INGENIERIA
INGENIERIA DE SISTEMAS INFORMÁTICOS;INGENIERIA
PROFESIONAL EN DIRECCIÓN Y PRODUCCIÓN DE RADIO Y TELEVISIÓN;BELLAS ARTES
INGENIERIA EN NANOTECNOLOGIA;INGENIERIA
PROFESIONAL EN DISEÑO DE ESPACIOS;BELLAS ARTES
INGENIERIA MECÁNICA;INGENIERIA
COMUNICACI¿N VISUAL;HUMANIDADES
LICENCIATURA EN FILOSOFIA Y HUMANIDADES;EDUCACION
INGENIERIA MATEMATICA;INGENIERIA
GEOLOGÍA;CIENCIAS_NATURALES
ADMINISTRACION DE MERCADEO Y LOGISTICA INTERNACIONALES;ADMON_CONTADURIA
PEDAGOGÍA;EDUCACION
INGENIERIA EN CONTROL Y AUTOMATIZACIÓN;INGENIERIA
LICENCIATURA EN EDUCACION BASICA CON ENFASIS EN HUMANIDADES: LENGUA CASTELLANA E IDIOMA EXTRANJERO: INGLES;EDUCACION
ESTUDIOS Y GESTION CULTURAL;CIENCIAS_SOCIALES
ADMINISTRACIÓN DE OBRAS DE ARQUITECTURA;INGENIERIA
ADMINISTRACIÓN EN SERVICIOS DE SALUD;CIENCIAS_SALUD
ADMINISTRACIÓN MARITIMA Y PORTUARIA;ADMON_CONTADURIA
PROFESIONAL EN CIENCIAS DEL DEPORTE Y LA EDUCACION FISICA;CIENCIAS_SALUD
LICENCIATURA EN FILOSOFIA, ETICA Y VALORES HUMANOS;EDUCACION
LICENCIATURA LENGUAS EXTRANJERAS CON ENFASIS EN INGLES;EDUCACION
ESTUDIOS POLITICOS Y RESOLUCION DE CONFLICTOS;CIENCIAS_SOCIALES
INGENIERÍA BIOMÉDICA;INGENIERIA
INGENIERÍA PETROQUÍMICA;INGENIERIA
LICENCIATURA EN EDUCACIÓN BILINGÜE- ESPAÑOL E INGLES;EDUCACION
MERCADEO Y VENTAS;ADMON_CONTADURIA
ADMINISTRACION DE SISTEMAS;ADMON_CONTADURIA
COMUNICACIÓN CORPORATIVA;ADMON_CONTADURIA
INGENIERÍA URBANA;INGENIERIA
INGENIER¿A INDUSTRIAL;INGENIERIA
DISE¿O CROSSMEDIA;BELLAS ARTES
ESTUDIOS LITERARIOS Y EDICION;BELLAS ARTES
DISEÑO Y GESTIÓN DE ESPACIOS;BELLAS ARTES
INGENIERÍA OCEANOGRÁFICA;INGENIERIA
DIRECCION DE BANDA;BELLAS ARTES
TEATRO MUSICAL;BELLAS ARTES
ARTES PLÁSTICAS;BELLAS ARTES
SISTEMAS DE INFORMACIÓN, BIBLIOTECOLOGÍA Y ARCHIVÍSTICA;HUMANIDADES
LICENCIATURA EN EDUCACIÓN BÁSICA CON ÉNFASIS EN EDUCACIÓN ARTÍSTICA Y CULTURAL;EDUCACION
DISEÑO Y REALIZACIÓN DE MEDIOS DIGITALES;BELLAS ARTES
INGENIERÍA EN TELEMÁTICA;INGENIERIA
ANIMACIÓN;BELLAS ARTES
PROFESIONAL EN DISEÑO DE VESTUARIO;BELLAS ARTES
COMUNICACIÓN VISUAL Y MULTIMEDIA;BELLAS ARTES
INGENIERIA EN CONTROL Y AUTOMATIZACION INDUSTRIAL;INGENIERIA
CIENCIAS DE LA COMPUTACION;INGENIERIA
LICENCIATURA EN FILOSOF¿A Y HUMANIDADES;EDUCACION
LICENCIATURA EN CIENCIAS NATURALES: FÍSICA QUÍMICA Y BIOLOGÍA;EDUCACION
MATEMATICAS APLICADAS;CIENCIAS_NATURALES
QUÍMICA FARMACÉUTICA;CIENCIAS_NATURALES
ADMINISTRACIÓN AGROINDUSTRIAL;AGRO_VETERINARIA
LICENCIATURA EN MÚSICA;EDUCACION
INGENIERIA EN DISEÑO INDUSTRIAL;INGENIERIA
LICENCIATURA EN HUMANIDADES;EDUCACION
ADMINISTRACION INFORMATICA;INGENIERIA
OCEANOGRAFÍA;CIENCIAS_NATURALES
COMERCIO Y FINANZAS INTERNACIONALES;ADMON_CONTADURIA
LICENCIATURA EN ARTE Y FOLKLORE;EDUCACION
FORMACION PROFESIONAL EN DEPORTE;CIENCIAS_SALUD
INGENIERÍA DE MATERIALES;INGENIERIA
LICENCIATURA EN ESPAÑOL E INGLÉS;EDUCACION
INGENIERIA MECATRÓNICA;INGENIERIA
LICENCIATURA EN ESPAÑOL Y FILOLOGÍA;EDUCACION
ADMINISTRACION EN NEGOCIOS INTERNACIONALES;ADMON_CONTADURIA
PROFESIONAL EN ARTES GASTRONOMICAS;HUMANIDADES
COMPUTACIÓN CIENTÍFICA;INGENIERIA
QUÍMICA;CIENCIAS_NATURALES
PROFESIONAL EN DISEÑO DE MODAS;BELLAS ARTES
ADMINISTRACION DE COMERCIO EXTERIOR;ADMON_CONTADURIA
ADMINISTRACION TURISTICA;ADMON_CONTADURIA
LICENCIATURA EN PEDAGOGIA REEDUCATIVA;EDUCACION
PROFESIONAL EN PUBLICIDAD Y MERCADEO;ADMON_CONTADURIA
INGENIERIA EN AUTOMATIZACION INDUSTRIAL;INGENIERIA
DEPORTE Y ACTIVIDADA FISICA;CIENCIAS_SALUD
LICENCIATURA EN EDUCACION INICIAL;EDUCACION
INGENIERÍA DE MINAS;INGENIERIA
LICENCIATURA  EN  CIENCIAS  SOCIALES;EDUCACION
LICENCIATURA EN MATEM¿TICAS;EDUCACION
INGENIERÍA AGROECOLÓGICA;INGENIERIA
LENGUAS MODERNAS Y CULTURA;HUMANIDADES
LICENCIATURA EN EDUCACION BASICA CON ENFASIS EN EDUCACION  FISICA, DEPORTES Y RECREACION;EDUCACION
LICENCIATURA EN TECNOLOGÍA E INFORMÁTICA;EDUCACION
BELLAS ARTES;BELLAS ARTES
LICENCIATURA EN EDUCACI¿N F¿SICA RECREACI¿N Y DEPORTES;EDUCACION
LICENCIATURA EN QUIMICA Y EDUCACION AMBIENTAL;EDUCACION
BANCA Y FINANZAS INTERNACIONALES;ADMON_CONTADURIA
DISENO GRAFICO;BELLAS ARTES
LICENCIATURA EN FÍSICA;EDUCACION
LICENCIATURA EN EDUCACION BASICA ENFASIS EN CIENCIAS SOCIALES;EDUCACION
DISEÑO GRAFICO Y MULTIMEDIAL;BELLAS ARTES
LICENCIATURA EN EDUCACION ENFASIS EN INFORMATICA;EDUCACION
LICENCIATURA EN EDUCACION BASICA CON ENFASIS EN EL AREA DE TECNOLOGIA E INFORMATICA;EDUCACION
ADMINISTRACION TECNOLOGICA;ADMON_CONTADURIA
LICENCIATURA EN EDUCACIÓN BÁSICA PRIMARIA CON ÉNFASIS EN INGLÉS Y EN FRANCÉS;EDUCACION
PROFESIONAL EN  AGROINDUSTRIA;AGRO_VETERINARIA
LICENCIATURA EN ARTES ESC¿NICAS;EDUCACION
GESTIÓN CULTURAL;CIENCIAS_SOCIALES
INGENIERÍA EN SEGURIDAD Y SALUD EN EL TRABAJO;CIENCIAS_SALUD
GESTIÓN  DE SISTEMAS DE INFORMACIÓN;INGENIERIA
DISEÑO DE MODAS Y ALTA COSTURA;BELLAS ARTES
LICENCIATURA EN EDUCACION ENFASIS EN CIENCIAS SOCIALES;EDUCACION
LICENCIATURA EN EDUCACION FISICA, DEPORTE Y RECREACION ENFASIS RURAL;EDUCACION
LICENCIATURA EN EDUCACION BASICA PRIMARIA:ENFASIS EN CIENCIAS SOCIALES;EDUCACION
LICENCIATURA EN CIENCIAS DE LA EDUCACION;EDUCACION
ADMINISTRACIÓN DE EMPRESAS TURISTICAS POR CICLOS - CICLO PROFESIONAL;ADMON_CONTADURIA
PROFESIONAL UNIVERSITARIO EN DISEÑO TEXTIL PARA LA INDUSTRIA;BELLAS ARTES
QUIMICA Y FARMACIA;CIENCIAS_NATURALES
LICENCIATURA EN EDUCACON FISICA, RECREACION Y DEPORTES;EDUCACION
COMUNICACIÓN SOCIAL Y PERIODISMO;HUMANIDADES
PROFESIONAL EN INVESTIGACIÓN CRIMINAL;CIENCIAS_SOCIALES
